http.accept	http.accept_encoding	http.accept_language	http.authbasic	http.authcitrix	http.authcitrix.domain	http.authcitrix.password	http.authcitrix.session	http.authcitrix.user	http.authorization	http.bad_header_name	http.cache_control	http.chat	http.chunk_boundary	http.chunk_size	http.chunkd_and_length	http.chunked_trailer_part	http.connection	http.content_encoding	http.content_length	http.content_length_header	http.content_type	http.cookie_pair	http.date	http.decompression_disabled	http.decompression_failed	http.file_data	http.host	http.http2_settings	http.http2_settings_uri	http.last_modified	http.leading_crlf	http.location	http.next_request_in	http.next_response_in	http.notification	http.prev_request_in	http.proxy_authenticate	http.proxy_authorization	http.proxy_connect_host	http.proxy_connect_port	http.referer	http.request	http.request.full_uri	http.request.line	http.request.method	http.request.uri.path	http.request.uri.query	http.request.uri.query.parameter	http.request.version	http.request_in	http.request_number	http.sec_websocket_accept	http.sec_websocket_extensions	http.sec_websocket_key	http.sec_websocket_protocol	http.sec_websocket_version	http.server	http.set_cookie	http.ssl_port	http.subdissector_failed	http.te_and_length	http.te_unknown	http.time	http.tls_port	http.transfer_encoding	http.unknown_header	http.upgrade	http.user_agent	http.www_authenticate	http.x_forwarded_for	http.cookie	http.request.uri
																	Keep-Alive										192.168.1.104:80															1	http://192.168.1.104:80/randomunakqd.com		GET				HTTP/1.1																			Mozilla/5.0 (compatible; Grendel-Scan; http://www.grendel-scan.com)				/randomunakqd.com
																	Keep-Alive										192.168.1.104:80									3						1	http://192.168.1.104:80/randomsqimls.mht		GET				HTTP/1.1																			Mozilla/5.0 (compatible; Grendel-Scan; http://www.grendel-scan.com)				/randomsqimls.mht
																	Keep-Alive										192.168.1.104:80									5						1	http://192.168.1.104:80/randomjzpksb.jws		GET				HTTP/1.1																			Mozilla/5.0 (compatible; Grendel-Scan; http://www.grendel-scan.com)				/randomjzpksb.jws
																	Keep-Alive										192.168.1.104:80									7						1	http://192.168.1.104:80/randomsnawew.vbs		GET				HTTP/1.1																			Mozilla/5.0 (compatible; Grendel-Scan; http://www.grendel-scan.com)				/randomsnawew.vbs
																	Keep-Alive										192.168.1.104:80									9						1	http://192.168.1.104:80/randomfaevly.do		GET				HTTP/1.1																			Mozilla/5.0 (compatible; Grendel-Scan; http://www.grendel-scan.com)				/randomfaevly.do
																	Keep-Alive										192.168.1.104:80									11						1	http://192.168.1.104:80/randomdslryn.php		GET				HTTP/1.1																			Mozilla/5.0 (compatible; Grendel-Scan; http://www.grendel-scan.com)				/randomdslryn.php
																	Keep-Alive										192.168.1.104:80									13						1	http://192.168.1.104:80/randomqxyhnl.xhtml		GET				HTTP/1.1																			Mozilla/5.0 (compatible; Grendel-Scan; http://www.grendel-scan.com)				/randomqxyhnl.xhtml
																	Keep-Alive										192.168.1.104:80									15						1	http://192.168.1.104:80/randomilkypc.asa		GET				HTTP/1.1																			Mozilla/5.0 (compatible; Grendel-Scan; http://www.grendel-scan.com)				/randomilkypc.asa
																	Keep-Alive										192.168.1.104:80									17						1	http://192.168.1.104:80/randomjstjyn.aspx		GET				HTTP/1.1																			Mozilla/5.0 (compatible; Grendel-Scan; http://www.grendel-scan.com)				/randomjstjyn.aspx
																	Keep-Alive										192.168.1.104:80									19						1	http://192.168.1.104:80/randomsryixe.htm		GET				HTTP/1.1																			Mozilla/5.0 (compatible; Grendel-Scan; http://www.grendel-scan.com)				/randomsryixe.htm
																	Keep-Alive										192.168.1.104:80									21						1	http://192.168.1.104:80/randomufvtlt.jhtm		GET				HTTP/1.1																			Mozilla/5.0 (compatible; Grendel-Scan; http://www.grendel-scan.com)				/randomufvtlt.jhtm
																	Keep-Alive										192.168.1.104:80									23						1	http://192.168.1.104:80/randomddigay.sh		GET				HTTP/1.1																			Mozilla/5.0 (compatible; Grendel-Scan; http://www.grendel-scan.com)				/randomddigay.sh
																	Keep-Alive										192.168.1.104:80									25						1	http://192.168.1.104:80/randomwfgnir.shtml		GET				HTTP/1.1																			Mozilla/5.0 (compatible; Grendel-Scan; http://www.grendel-scan.com)				/randomwfgnir.shtml
																	Keep-Alive										192.168.1.104:80									27						1	http://192.168.1.104:80/randomkqkuyr.inc		GET				HTTP/1.1																			Mozilla/5.0 (compatible; Grendel-Scan; http://www.grendel-scan.com)				/randomkqkuyr.inc
																	Keep-Alive										192.168.1.104:80									29						1	http://192.168.1.104:80/randomzappxp.plx		GET				HTTP/1.1																			Mozilla/5.0 (compatible; Grendel-Scan; http://www.grendel-scan.com)				/randomzappxp.plx
																	Keep-Alive										192.168.1.104:80									31						1	http://192.168.1.104:80/randompxtjul.asmx		GET				HTTP/1.1																			Mozilla/5.0 (compatible; Grendel-Scan; http://www.grendel-scan.com)				/randompxtjul.asmx
																	Keep-Alive										192.168.1.104:80									33						1	http://192.168.1.104:80/randommvthbj.dll		GET				HTTP/1.1																			Mozilla/5.0 (compatible; Grendel-Scan; http://www.grendel-scan.com)				/randommvthbj.dll
																	Keep-Alive										192.168.1.104:80									35						1	http://192.168.1.104:80/randomrflwwn.cfc		GET				HTTP/1.1																			Mozilla/5.0 (compatible; Grendel-Scan; http://www.grendel-scan.com)				/randomrflwwn.cfc
																	Keep-Alive										192.168.1.104:80									37						1	http://192.168.1.104:80/randomnhnjyi.mv		GET				HTTP/1.1																			Mozilla/5.0 (compatible; Grendel-Scan; http://www.grendel-scan.com)				/randomnhnjyi.mv
																	Keep-Alive										192.168.1.104:80									39						1	http://192.168.1.104:80/randomlqswxm.asp		GET				HTTP/1.1																			Mozilla/5.0 (compatible; Grendel-Scan; http://www.grendel-scan.com)				/randomlqswxm.asp
																	Keep-Alive										192.168.1.104:80									41						1	http://192.168.1.104:80/randommnvvet.pl		GET				HTTP/1.1																			Mozilla/5.0 (compatible; Grendel-Scan; http://www.grendel-scan.com)				/randommnvvet.pl
																	Keep-Alive										192.168.1.104:80									43						1	http://192.168.1.104:80/randomashttf.wsdl		GET				HTTP/1.1																			Mozilla/5.0 (compatible; Grendel-Scan; http://www.grendel-scan.com)				/randomashttf.wsdl
																	Keep-Alive										192.168.1.104:80									45						1	http://192.168.1.104:80/randomdopehh.shtm		GET				HTTP/1.1																			Mozilla/5.0 (compatible; Grendel-Scan; http://www.grendel-scan.com)				/randomdopehh.shtm
																	Keep-Alive										192.168.1.104:80									47						1	http://192.168.1.104:80/randomwdfoup.xml		GET				HTTP/1.1																			Mozilla/5.0 (compatible; Grendel-Scan; http://www.grendel-scan.com)				/randomwdfoup.xml
																	Keep-Alive										192.168.1.104:80									49						1	http://192.168.1.104:80/randomgvesic.exe		GET				HTTP/1.1																			Mozilla/5.0 (compatible; Grendel-Scan; http://www.grendel-scan.com)				/randomgvesic.exe
																	Keep-Alive										192.168.1.104:80									51						1	http://192.168.1.104:80/randomhkfbjn.hta		GET				HTTP/1.1																			Mozilla/5.0 (compatible; Grendel-Scan; http://www.grendel-scan.com)				/randomhkfbjn.hta
																	Keep-Alive										192.168.1.104:80									53						1	http://192.168.1.104:80/randomruwxmv.jhtml		GET				HTTP/1.1																			Mozilla/5.0 (compatible; Grendel-Scan; http://www.grendel-scan.com)				/randomruwxmv.jhtml
																	Keep-Alive										192.168.1.104:80									55						1	http://192.168.1.104:80/randometxjfp.xdl		GET				HTTP/1.1																			Mozilla/5.0 (compatible; Grendel-Scan; http://www.grendel-scan.com)				/randometxjfp.xdl
																	Keep-Alive										192.168.1.104:80									57						1	http://192.168.1.104:80/randomoxzhzx.mhtml		GET				HTTP/1.1																			Mozilla/5.0 (compatible; Grendel-Scan; http://www.grendel-scan.com)				/randomoxzhzx.mhtml
																	Keep-Alive										192.168.1.104:80									59						1	http://192.168.1.104:80/randomvamdgy.htr		GET				HTTP/1.1																			Mozilla/5.0 (compatible; Grendel-Scan; http://www.grendel-scan.com)				/randomvamdgy.htr
																	Keep-Alive										192.168.1.104:80									61						1	http://192.168.1.104:80/randomqfpzbo.phtml		GET				HTTP/1.1																			Mozilla/5.0 (compatible; Grendel-Scan; http://www.grendel-scan.com)				/randomqfpzbo.phtml
																	Keep-Alive										192.168.1.104:80									63						1	http://192.168.1.104:80/randompyeous/		GET				HTTP/1.1																			Mozilla/5.0 (compatible; Grendel-Scan; http://www.grendel-scan.com)				/randompyeous/
																	Keep-Alive										192.168.1.104:80									65						1	http://192.168.1.104:80/randomswnevj.stm		GET				HTTP/1.1																			Mozilla/5.0 (compatible; Grendel-Scan; http://www.grendel-scan.com)				/randomswnevj.stm
																	Keep-Alive										192.168.1.104:80									67						1	http://192.168.1.104:80/randomozatyd.nsf		GET				HTTP/1.1																			Mozilla/5.0 (compatible; Grendel-Scan; http://www.grendel-scan.com)				/randomozatyd.nsf
																	Keep-Alive										192.168.1.104:80									69						1	http://192.168.1.104:80/randomxkfwgl.php3		GET				HTTP/1.1																			Mozilla/5.0 (compatible; Grendel-Scan; http://www.grendel-scan.com)				/randomxkfwgl.php3
																	Keep-Alive										192.168.1.104:80									70						1	http://192.168.1.104:80/randomvgadso.html		GET				HTTP/1.1																			Mozilla/5.0 (compatible; Grendel-Scan; http://www.grendel-scan.com)				/randomvgadso.html
																	Keep-Alive										192.168.1.104:80									72						1	http://192.168.1.104:80/randomuriaxt.jsp		GET				HTTP/1.1																			Mozilla/5.0 (compatible; Grendel-Scan; http://www.grendel-scan.com)				/randomuriaxt.jsp
																	Keep-Alive										192.168.1.104:80									74						1	http://192.168.1.104:80/randompupvcy.asax		GET				HTTP/1.1																			Mozilla/5.0 (compatible; Grendel-Scan; http://www.grendel-scan.com)				/randompupvcy.asax
																	Keep-Alive										192.168.1.104:80									76						1	http://192.168.1.104:80/randommvlwku.ashx		GET				HTTP/1.1																			Mozilla/5.0 (compatible; Grendel-Scan; http://www.grendel-scan.com)				/randommvlwku.ashx
																	Keep-Alive										192.168.1.104:80									78						1	http://192.168.1.104:80/randomdqmshg.axd		GET				HTTP/1.1																			Mozilla/5.0 (compatible; Grendel-Scan; http://www.grendel-scan.com)				/randomdqmshg.axd
																	Keep-Alive										192.168.1.104:80									80						1	http://192.168.1.104:80/randomaqtmyg.cfm		GET				HTTP/1.1																			Mozilla/5.0 (compatible; Grendel-Scan; http://www.grendel-scan.com)				/randomaqtmyg.cfm
																	Keep-Alive										192.168.1.104:80									82						1	http://192.168.1.104:80/randomgbcbvw.cgi		GET				HTTP/1.1																			Mozilla/5.0 (compatible; Grendel-Scan; http://www.grendel-scan.com)				/randomgbcbvw.cgi
																	Keep-Alive										192.168.1.104:80									83						1	http://192.168.1.104:80/randomzkfzkx.bat		GET				HTTP/1.1																			Mozilla/5.0 (compatible; Grendel-Scan; http://www.grendel-scan.com)				/randomzkfzkx.bat
																	Keep-Alive										192.168.1.104:80									85						1	http://192.168.1.104:80/randomlcazmw.jsa		GET				HTTP/1.1																			Mozilla/5.0 (compatible; Grendel-Scan; http://www.grendel-scan.com)				/randomlcazmw.jsa
																	Keep-Alive										192.168.1.104															1	http://192.168.1.104/web		GET				HTTP/1.1																			Mozilla/5.0 (compatible; Grendel-Scan; http://www.grendel-scan.com)				/web
																	Keep-Alive										192.168.1.104:80									87						1	http://192.168.1.104:80/		GET				HTTP/1.1																			Mozilla/5.0 (compatible; Grendel-Scan; http://www.grendel-scan.com)				/
																	Keep-Alive										192.168.1.104									91						1	http://192.168.1.104/web/		GET				HTTP/1.1																			Mozilla/5.0 (compatible; Grendel-Scan; http://www.grendel-scan.com)				/web/
																	Keep-Alive										192.168.1.104:80									93						1	http://192.168.1.104:80/web/		GET				HTTP/1.1																			Mozilla/5.0 (compatible; Grendel-Scan; http://www.grendel-scan.com)				/web/
																	Keep-Alive										192.168.1.104															1	http://192.168.1.104/web		GET				HTTP/1.1																			Mozilla/5.0 (compatible; Grendel-Scan; http://www.grendel-scan.com)				/web
																	Keep-Alive										192.168.1.104									94						1	http://192.168.1.104/web		GET				HTTP/1.1																			Mozilla/5.0 (compatible; Grendel-Scan; http://www.grendel-scan.com)				/web
																	Keep-Alive										192.168.1.104									112						1	http://192.168.1.104/web/		GET				HTTP/1.1																			Mozilla/5.0 (compatible; Grendel-Scan; http://www.grendel-scan.com)				/web/
																	Keep-Alive										192.168.1.104									113						1	http://192.168.1.104/web/		GET				HTTP/1.1																			Mozilla/5.0 (compatible; Grendel-Scan; http://www.grendel-scan.com)				/web/
																	Keep-Alive										192.168.1.104:80									103						1	http://192.168.1.104:80/web/randomecmoou.xml		GET				HTTP/1.1																			Mozilla/5.0 (compatible; Grendel-Scan; http://www.grendel-scan.com)				/web/randomecmoou.xml
																	Keep-Alive										192.168.1.104:80									130						1	http://192.168.1.104:80/web/randomgfhang.aspx		GET				HTTP/1.1																			Mozilla/5.0 (compatible; Grendel-Scan; http://www.grendel-scan.com)				/web/randomgfhang.aspx
																	Keep-Alive										192.168.1.104:80									131						1	http://192.168.1.104:80/web/randommqlrap.inc		GET				HTTP/1.1																			Mozilla/5.0 (compatible; Grendel-Scan; http://www.grendel-scan.com)				/web/randommqlrap.inc
																	Keep-Alive										192.168.1.104:80									133						1	http://192.168.1.104:80/web/randommlayrh.com		GET				HTTP/1.1																			Mozilla/5.0 (compatible; Grendel-Scan; http://www.grendel-scan.com)				/web/randommlayrh.com
																	Keep-Alive										192.168.1.104:80									135						1	http://192.168.1.104:80/web/randomepkntj.asmx		GET				HTTP/1.1																			Mozilla/5.0 (compatible; Grendel-Scan; http://www.grendel-scan.com)				/web/randomepkntj.asmx
																	Keep-Alive										192.168.1.104:80									136						1	http://192.168.1.104:80/web/randomcwmjne.stm		GET				HTTP/1.1																			Mozilla/5.0 (compatible; Grendel-Scan; http://www.grendel-scan.com)				/web/randomcwmjne.stm
																	Keep-Alive										192.168.1.104:80									138						1	http://192.168.1.104:80/web/randomcmvlvd.ashx		GET				HTTP/1.1																			Mozilla/5.0 (compatible; Grendel-Scan; http://www.grendel-scan.com)				/web/randomcmvlvd.ashx
																	Keep-Alive										192.168.1.104:80									140						1	http://192.168.1.104:80/web/randomfmhlct.jsa		GET				HTTP/1.1																			Mozilla/5.0 (compatible; Grendel-Scan; http://www.grendel-scan.com)				/web/randomfmhlct.jsa
																	Keep-Alive										192.168.1.104:80									142						1	http://192.168.1.104:80/web/randomgrmvmh.mht		GET				HTTP/1.1																			Mozilla/5.0 (compatible; Grendel-Scan; http://www.grendel-scan.com)				/web/randomgrmvmh.mht
																	Keep-Alive										192.168.1.104:80									144						1	http://192.168.1.104:80/web/randomimpcos.dll		GET				HTTP/1.1																			Mozilla/5.0 (compatible; Grendel-Scan; http://www.grendel-scan.com)				/web/randomimpcos.dll
																	Keep-Alive										192.168.1.104:80									146						1	http://192.168.1.104:80/web/randomgutcxx.jhtml		GET				HTTP/1.1																			Mozilla/5.0 (compatible; Grendel-Scan; http://www.grendel-scan.com)				/web/randomgutcxx.jhtml
																	Keep-Alive										192.168.1.104:80									148						1	http://192.168.1.104:80/web/randomygwymd.xdl		GET				HTTP/1.1																			Mozilla/5.0 (compatible; Grendel-Scan; http://www.grendel-scan.com)				/web/randomygwymd.xdl
																	Keep-Alive										192.168.1.104:80									150						1	http://192.168.1.104:80/web/randomqdvzmd.cfc		GET				HTTP/1.1																			Mozilla/5.0 (compatible; Grendel-Scan; http://www.grendel-scan.com)				/web/randomqdvzmd.cfc
																	Keep-Alive										192.168.1.104:80									152						1	http://192.168.1.104:80/web/randomrpqcbi.plx		GET				HTTP/1.1																			Mozilla/5.0 (compatible; Grendel-Scan; http://www.grendel-scan.com)				/web/randomrpqcbi.plx
																	Keep-Alive										192.168.1.104:80									154						1	http://192.168.1.104:80/web/randomxbkhur.mv		GET				HTTP/1.1																			Mozilla/5.0 (compatible; Grendel-Scan; http://www.grendel-scan.com)				/web/randomxbkhur.mv
																	Keep-Alive										192.168.1.104:80									156						1	http://192.168.1.104:80/web/randomjcsxrq.html		GET				HTTP/1.1																			Mozilla/5.0 (compatible; Grendel-Scan; http://www.grendel-scan.com)				/web/randomjcsxrq.html
																	Keep-Alive										192.168.1.104:80									158						1	http://192.168.1.104:80/web/randomfsimhv.php3		GET				HTTP/1.1																			Mozilla/5.0 (compatible; Grendel-Scan; http://www.grendel-scan.com)				/web/randomfsimhv.php3
																	Keep-Alive										192.168.1.104:80									160						1	http://192.168.1.104:80/web/randomejlpdk.jws		GET				HTTP/1.1																			Mozilla/5.0 (compatible; Grendel-Scan; http://www.grendel-scan.com)				/web/randomejlpdk.jws
																	Keep-Alive										192.168.1.104:80									162						1	http://192.168.1.104:80/web/randomvpstij.asp		GET				HTTP/1.1																			Mozilla/5.0 (compatible; Grendel-Scan; http://www.grendel-scan.com)				/web/randomvpstij.asp
																	Keep-Alive										192.168.1.104:80									164						1	http://192.168.1.104:80/web/randomvptuel.xhtml		GET				HTTP/1.1																			Mozilla/5.0 (compatible; Grendel-Scan; http://www.grendel-scan.com)				/web/randomvptuel.xhtml
																	Keep-Alive										192.168.1.104:80									166						1	http://192.168.1.104:80/web/randomtvbfrx.jhtm		GET				HTTP/1.1																			Mozilla/5.0 (compatible; Grendel-Scan; http://www.grendel-scan.com)				/web/randomtvbfrx.jhtm
																	Keep-Alive										192.168.1.104:80									168						1	http://192.168.1.104:80/web/randomovanpl.shtm		GET				HTTP/1.1																			Mozilla/5.0 (compatible; Grendel-Scan; http://www.grendel-scan.com)				/web/randomovanpl.shtm
																	Keep-Alive										192.168.1.104:80									170						1	http://192.168.1.104:80/web/randomljnavz/		GET				HTTP/1.1																			Mozilla/5.0 (compatible; Grendel-Scan; http://www.grendel-scan.com)				/web/randomljnavz/
																	Keep-Alive										192.168.1.104:80									172						1	http://192.168.1.104:80/web/randomtnxhux.cfm		GET				HTTP/1.1																			Mozilla/5.0 (compatible; Grendel-Scan; http://www.grendel-scan.com)				/web/randomtnxhux.cfm
																	Keep-Alive										192.168.1.104:80									174						1	http://192.168.1.104:80/web/randomuqdqmj.pl		GET				HTTP/1.1																			Mozilla/5.0 (compatible; Grendel-Scan; http://www.grendel-scan.com)				/web/randomuqdqmj.pl
																	Keep-Alive										192.168.1.104:80									176						1	http://192.168.1.104:80/web/randommxaezr.cgi		GET				HTTP/1.1																			Mozilla/5.0 (compatible; Grendel-Scan; http://www.grendel-scan.com)				/web/randommxaezr.cgi
																	Keep-Alive										192.168.1.104:80									178						1	http://192.168.1.104:80/web/randomfedqlu.vbs		GET				HTTP/1.1																			Mozilla/5.0 (compatible; Grendel-Scan; http://www.grendel-scan.com)				/web/randomfedqlu.vbs
																	Keep-Alive										192.168.1.104:80									180						1	http://192.168.1.104:80/web/randomxlmvge.bat		GET				HTTP/1.1																			Mozilla/5.0 (compatible; Grendel-Scan; http://www.grendel-scan.com)				/web/randomxlmvge.bat
																	Keep-Alive										192.168.1.104:80									182						1	http://192.168.1.104:80/web/randomqjzzcg.wsdl		GET				HTTP/1.1																			Mozilla/5.0 (compatible; Grendel-Scan; http://www.grendel-scan.com)				/web/randomqjzzcg.wsdl
																	Keep-Alive										192.168.1.104:80									184						1	http://192.168.1.104:80/web/randomslurnd.axd		GET				HTTP/1.1																			Mozilla/5.0 (compatible; Grendel-Scan; http://www.grendel-scan.com)				/web/randomslurnd.axd
																	Keep-Alive										192.168.1.104:80									186						1	http://192.168.1.104:80/web/randomscmnsh.exe		GET				HTTP/1.1																			Mozilla/5.0 (compatible; Grendel-Scan; http://www.grendel-scan.com)				/web/randomscmnsh.exe
																	Keep-Alive										192.168.1.104:80									188						1	http://192.168.1.104:80/web/randomcsrldt.nsf		GET				HTTP/1.1																			Mozilla/5.0 (compatible; Grendel-Scan; http://www.grendel-scan.com)				/web/randomcsrldt.nsf
																	Keep-Alive										192.168.1.104:80									190						1	http://192.168.1.104:80/web/randomdgwdxr.hta		GET				HTTP/1.1																			Mozilla/5.0 (compatible; Grendel-Scan; http://www.grendel-scan.com)				/web/randomdgwdxr.hta
																	Keep-Alive										192.168.1.104:80									192						1	http://192.168.1.104:80/web/randomiidmhx.asa		GET				HTTP/1.1																			Mozilla/5.0 (compatible; Grendel-Scan; http://www.grendel-scan.com)				/web/randomiidmhx.asa
																	Keep-Alive										192.168.1.104:80									194						1	http://192.168.1.104:80/web/randommdsuvs.htm		GET				HTTP/1.1																			Mozilla/5.0 (compatible; Grendel-Scan; http://www.grendel-scan.com)				/web/randommdsuvs.htm
																	Keep-Alive										192.168.1.104:80									196						1	http://192.168.1.104:80/web/randomghanhv.htr		GET				HTTP/1.1																			Mozilla/5.0 (compatible; Grendel-Scan; http://www.grendel-scan.com)				/web/randomghanhv.htr
																	Keep-Alive										192.168.1.104:80									198						1	http://192.168.1.104:80/web/randomieqsbf.phtml		GET				HTTP/1.1																			Mozilla/5.0 (compatible; Grendel-Scan; http://www.grendel-scan.com)				/web/randomieqsbf.phtml
																	Keep-Alive										192.168.1.104:80									200						1	http://192.168.1.104:80/web/randomuwpzsb.do		GET				HTTP/1.1																			Mozilla/5.0 (compatible; Grendel-Scan; http://www.grendel-scan.com)				/web/randomuwpzsb.do
																	Keep-Alive										192.168.1.104:80									202						1	http://192.168.1.104:80/web/randomywmjqs.sh		GET				HTTP/1.1																			Mozilla/5.0 (compatible; Grendel-Scan; http://www.grendel-scan.com)				/web/randomywmjqs.sh
																	Keep-Alive										192.168.1.104:80									204						1	http://192.168.1.104:80/web/randomlsyjti.jsp		GET				HTTP/1.1																			Mozilla/5.0 (compatible; Grendel-Scan; http://www.grendel-scan.com)				/web/randomlsyjti.jsp
																	Keep-Alive										192.168.1.104:80									206						1	http://192.168.1.104:80/web/randomvtpqha.asax		GET				HTTP/1.1																			Mozilla/5.0 (compatible; Grendel-Scan; http://www.grendel-scan.com)				/web/randomvtpqha.asax
																	Keep-Alive										192.168.1.104:80									208						1	http://192.168.1.104:80/web/randomjgeszb.php		GET				HTTP/1.1																			Mozilla/5.0 (compatible; Grendel-Scan; http://www.grendel-scan.com)				/web/randomjgeszb.php
																	Keep-Alive										192.168.1.104:80									210						1	http://192.168.1.104:80/web/randomdnrxvz.shtml		GET				HTTP/1.1																			Mozilla/5.0 (compatible; Grendel-Scan; http://www.grendel-scan.com)				/web/randomdnrxvz.shtml
																	Keep-Alive										192.168.1.104:80									212						1	http://192.168.1.104:80/web/randomdxfahp.mhtml		GET				HTTP/1.1																			Mozilla/5.0 (compatible; Grendel-Scan; http://www.grendel-scan.com)				/web/randomdxfahp.mhtml
